{"test_split": {"r@1, IoU=0.3": 3.5464535464535465, "r@1, IoU=0.5": 1.7232767232767232, "r@5, IoU=0.3": 7.217782217782218, "r@5, IoU=0.5": 4.020979020979021, "Mean r@1": 2.6348651348651346}}