{"test_split": {"r@1, IoU=0.3": 6.543456543456544, "r@1, IoU=0.5": 3.8461538461538463, "r@5, IoU=0.3": 10.964035964035965, "r@5, IoU=0.5": 6.618381618381617, "Mean r@1": 5.194805194805195}}