{"test_split": {"r@1, IoU=0.3": 5.644355644355644, "r@1, IoU=0.5": 3.471528471528471, "r@5, IoU=0.3": 10.664335664335663, "r@5, IoU=0.5": 6.8181818181818175, "Mean r@1": 4.557942057942058}}