{"test_split": {"r@1, IoU=0.3": 6.568431568431568, "r@1, IoU=0.5": 3.6713286713286712, "r@5, IoU=0.3": 11.263736263736265, "r@5, IoU=0.5": 6.893106893106893, "Mean r@1": 5.11988011988012}}