{"test_split": {"r@1, IoU=0.3": 8.666333666333665, "r@1, IoU=0.5": 5.269730269730269, "r@5, IoU=0.3": 13.686313686313687, "r@5, IoU=0.5": 9.090909090909092, "Mean r@1": 6.968031968031968}}